{
  "type": "acoustic_template",
  "wake_word": "rin",
  "template": [
    -550.3372802734375,
    83.61129760742188,
    17.4892520904541,
    15.789267539978027,
    9.177267074584961,
    4.55275821685791,
    2.948507308959961,
    3.1331305503845215,
    4.00219202041626,
    1.47797429561615,
    0.5411925315856934,
    0.9553621411323547,
    2.3428709506988525
  ],
  "std": [
    31.39161491394043,
    23.16084098815918,
    6.643884658813477,
    4.202750205993652,
    4.270841598510742,
    3.0049519538879395,
    3.0368411540985107,
    2.9406495094299316,
    3.2370493412017822,
    2.353808879852295,
    2.417435884475708,
    2.8305935859680176,
    2.146350622177124
  ],
  "threshold": 0.7,
  "sample_rate": 16000,
  "n_mfcc": 13
}